{"members": [{"id": 27, "name": "shanthakumar", "location": "chennai", "age": 29, "is_active": true}, {"id": 21, "name": "vijayarajan", "location": "selam", "age": 22, "is_active": true}, {"id": 22, "name": "rajeshkumar", "location": "chennai", "age": 29, "is_active": true}, {"id": 23, "name": "akash", "location": "kovai", "age": 44, "is_active": false}, {"id": 24, "name": "tirumurugan", "location": "kanchi", "age": 32, "is_active": true}, {"id": 25, "name": "kavitha", "location": "trichy", "age": 27, "is_active": true}, {"id": 26, "name": "subburaman", "location": "theni", "age": 39, "is_active": false}, {"id": 47, "name": "hema", "location": "vellore", "age": 24}, {"id": 67, "name": "jeeva", "location": "krishnagiri", "age": 34, "is_active": true}, {"id": 64, "name": "vickram", "location": "chennai", "age": 34, "is_active": true}]}